{
  "total": 52,
  "parse_fail": 0,
  "errors": 0,
  "avg_latency_ms": 3395.980769230769,
  "core_total": 39,
  "core_correct": 18,
  "core_accuracy": 0.46153846153846156,
  "per_class": {
    "상업송장": {
      "precision": 0.45454545454545453,
      "recall": 0.3333333333333333,
      "f1": 0.3846153846153846,
      "support": 15
    },
    "포장명세서": {
      "precision": 0.625,
      "recall": 0.45454545454545453,
      "f1": 0.5263157894736842,
      "support": 11
    },
    "선하증권": {
      "precision": 0.5,
      "recall": 0.5,
      "f1": 0.5,
      "support": 6
    },
    "원산지증명서": {
      "precision": 0.35714285714285715,
      "recall": 0.7142857142857143,
      "f1": 0.4761904761904762,
      "support": 7
    }
  },
  "confusion": {
    "상업송장": {
      "포장명세서": 3,
      "상업송장": 5,
      "선하증권": 2,
      "원산지증명서": 5
    },
    "포장명세서": {
      "포장명세서": 5,
      "원산지증명서": 2,
      "선하증권": 1,
      "상업송장": 3
    },
    "선하증권": {
      "원산지증명서": 2,
      "상업송장": 1,
      "선하증권": 3
    },
    "원산지증명서": {
      "상업송장": 2,
      "원산지증명서": 5
    }
  },
  "other_total": 13,
  "other_distribution": {
    "포장명세서": 1,
    "선하증권": 5,
    "상업송장": 1,
    "원산지증명서": 6
  },
  "new_categories": {}
}